year,performing_country,total_score,place,str,switzerland,denmark,france,germany,netherlands,austria,italy,united_kingdom,belgium,sweden,norway,finland,spain,portugal,ireland,malta,israel,greece,turkey,cyprus,iceland,slovenia,bosnia_and_herzegovina,croatia,estonia,romania,slovakia,lithuania,hungary,russia,poland,macedonia,latvia,ukraine
1997,cyprus,98,5,final,4,7,4,5,10,0,4,5,0,0,2,0,10,3,3,7,0,12,0,0,12,4,0,4,1,0,0,0,0,1,0,0,0,0
1997,turkey,121,3,final,6,0,6,12,2,7,7,4,0,6,0,0,12,5,2,10,0,7,0,0,7,0,12,0,6,0,0,0,6,4,0,0,0,0
1997,norway,0,24,final,0,0,0,0,0,0,0,0,0,0,0,0,0,0,0,0,0,0,0,0,0,0,0,0,0,0,0,0,0,0,0,0,0,0
1997,austria,12,21,final,0,0,0,0,3,0,0,0,0,0,0,0,0,0,0,0,0,0,0,0,0,0,0,0,0,0,0,0,5,3,1,0,0,0
1997,ireland,157,2,final,7,10,10,8,4,10,10,12,0,10,3,0,6,10,0,0,0,0,6,8,0,1,8,6,8,0,0,0,8,5,7,0,0,0
1997,slovenia,60,10,final,0,0,7,0,0,0,0,0,0,0,0,0,0,4,0,5,0,3,10,2,3,0,7,3,4,0,0,0,0,10,2,0,0,0
1997,switzerland,5,22,final,0,0,0,0,0,0,2,0,0,0,0,0,3,0,0,0,0,0,0,0,0,0,0,0,0,0,0,0,0,0,0,0,0,0
1997,netherlands,5,22,final,0,0,0,0,0,0,0,0,0,0,0,0,0,0,0,4,0,0,1,0,0,0,0,0,0,0,0,0,0,0,0,0,0,0
1997,italy,114,4,final,10,4,0,4,7,1,0,3,0,3,0,0,8,12,1,0,0,5,5,6,1,10,6,10,0,0,0,0,3,7,8,0,0,0
1997,spain,96,6,final,8,2,2,2,6,0,3,0,0,0,0,0,0,8,6,12,0,6,4,10,0,5,0,0,0,0,0,0,10,8,4,0,0,0
1997,germany,22,18,final,5,0,0,0,0,3,5,0,0,0,0,0,0,0,0,3,0,0,0,0,0,0,0,5,0,0,0,0,1,0,0,0,0,0
1997,poland,54,11,final,0,5,3,6,1,8,1,0,0,0,4,0,2,2,0,0,0,1,0,0,0,7,4,0,3,0,0,0,7,0,0,0,0,0
1997,estonia,82,8,final,0,8,8,7,0,6,12,10,0,1,0,0,4,1,8,0,0,0,0,1,2,3,1,0,0,0,0,0,4,0,6,0,0,0
1997,bosnia_and_herzegovina,22,18,final,2,0,0,3,0,4,0,0,0,4,0,0,0,0,0,0,0,0,8,0,0,0,0,1,0,0,0,0,0,0,0,0,0,0
1997,portugal,0,24,final,0,0,0,0,0,0,0,0,0,0,0,0,0,0,0,0,0,0,0,0,0,0,0,0,0,0,0,0,0,0,0,0,0,0
1997,sweden,36,14,final,0,6,0,0,0,0,0,7,0,0,8,0,0,0,5,0,0,0,0,0,4,6,0,0,0,0,0,0,0,0,0,0,0,0
1997,greece,39,12,final,0,0,0,0,0,0,0,0,0,0,5,0,7,0,0,6,0,0,0,12,0,0,0,7,0,0,0,0,0,2,0,0,0,0
1997,malta,66,9,final,0,3,1,0,0,0,6,0,0,0,10,0,1,0,7,0,0,8,12,5,0,0,5,8,0,0,0,0,0,0,0,0,0,0
1997,hungary,39,12,final,0,0,5,0,0,0,0,8,0,0,0,0,0,0,4,2,0,0,3,0,5,0,0,2,5,0,0,0,0,0,5,0,0,0
1997,russia,33,15,final,0,0,0,0,8,5,0,0,0,0,1,0,0,0,0,0,0,0,0,0,0,12,0,0,7,0,0,0,0,0,0,0,0,0
1997,denmark,25,16,final,1,0,0,0,0,0,0,2,0,7,7,0,0,0,0,0,0,2,0,0,6,0,0,0,0,0,0,0,0,0,0,0,0,0
1997,france,95,7,final,3,1,0,0,5,0,0,0,0,2,12,0,0,6,10,0,0,4,2,3,10,2,3,0,12,0,0,0,2,6,12,0,0,0
1997,croatia,24,17,final,0,0,0,1,0,0,0,1,0,5,0,0,0,0,0,8,0,0,0,4,0,0,2,0,0,0,0,0,0,0,3,0,0,0
1997,united_kingdom,227,1,final,12,12,12,10,12,12,8,0,0,12,6,0,5,7,12,1,0,10,7,7,8,8,10,12,10,0,0,0,12,12,10,0,0,0
1997,iceland,18,20,final,0,0,0,0,0,2,0,6,0,8,0,0,0,0,0,0,0,0,0,0,0,0,0,0,2,0,0,0,0,0,0,0,0,0
1998,croatia,131,5,final,5,0,8,10,4,0,0,2,5,3,6,3,1,2,3,10,10,5,4,7,0,12,0,0,3,0,10,0,0,0,6,12,0,0
1998,greece,12,20,final,0,0,0,0,0,0,0,0,0,0,0,0,0,0,0,0,0,0,0,12,0,0,0,0,0,0,0,0,0,0,0,0,0,0
1998,france,3,24,final,0,0,0,0,0,0,0,0,0,0,0,0,0,0,0,0,0,0,0,1,0,0,0,0,0,0,0,0,0,0,0,2,0,0
1998,spain,21,16,final,6,0,4,0,0,0,0,0,3,0,0,0,0,0,0,0,3,0,0,4,0,0,0,1,0,0,0,0,0,0,0,0,0,0
1998,switzerland,0,25,final,0,0,0,0,0,0,0,0,0,0,0,0,0,0,0,0,0,0,0,0,0,0,0,0,0,0,0,0,0,0,0,0,0,0
1998,slovakia,8,21,final,0,0,0,0,0,0,0,0,0,0,0,0,0,0,0,0,0,0,0,0,0,0,0,8,0,0,0,0,0,0,0,0,0,0
1998,poland,19,17,final,0,0,2,5,0,0,0,0,0,0,0,0,0,0,0,0,0,0,0,0,0,0,0,0,0,10,0,0,2,0,0,0,0,0
1998,israel,172,1,final,10,0,12,7,6,0,0,5,10,5,3,10,10,12,6,12,0,10,5,10,0,7,0,0,7,7,0,0,0,0,10,8,0,0
1998,germany,86,7,final,12,0,0,0,12,0,0,6,7,0,0,1,12,10,8,0,0,3,0,0,0,8,0,0,1,6,0,0,0,0,0,0,0,0
1998,malta,165,3,final,8,0,6,8,8,0,0,12,8,6,12,5,5,5,12,0,7,6,10,5,0,3,0,7,5,0,12,0,7,0,8,0,0,0
1998,hungary,4,23,final,0,0,1,0,0,0,0,0,0,0,2,0,0,0,0,0,0,0,0,0,0,0,0,0,0,1,0,0,0,0,0,0,0,0
1998,slovenia,17,18,final,0,0,0,0,0,0,0,0,0,0,0,4,0,0,0,0,0,2,3,0,0,0,0,3,0,5,0,0,0,0,0,0,0,0
1998,ireland,64,9,final,2,0,0,2,0,0,0,8,0,1,4,0,0,1,0,6,0,0,8,0,0,1,0,2,2,8,4,0,6,0,2,7,0,0
1998,portugal,36,12,final,0,0,10,0,0,0,0,0,1,0,0,0,6,0,0,2,2,1,6,2,0,0,0,0,0,0,2,0,0,0,0,4,0,0
1998,romania,6,22,final,0,0,0,0,0,0,0,0,0,0,0,0,0,0,0,0,6,0,0,0,0,0,0,0,0,0,0,0,0,0,0,0,0,0
1998,united_kingdom,166,2,final,3,0,3,1,7,0,0,0,6,7,5,8,3,6,5,8,12,7,12,8,0,5,0,12,8,12,1,0,10,0,7,10,0,0
1998,cyprus,37,11,final,0,0,0,0,0,0,0,3,2,0,0,0,0,4,0,1,1,12,0,0,0,0,0,4,0,4,5,0,1,0,0,0,0,0
1998,netherlands,150,4,final,7,0,5,6,0,0,0,10,12,8,8,7,4,7,10,7,8,8,7,0,0,0,0,10,0,0,6,0,12,0,5,3,0,0
1998,sweden,53,10,final,0,0,0,0,5,0,0,1,0,0,10,6,0,0,2,4,0,0,2,0,0,0,0,0,12,0,0,0,8,0,3,0,0,0
1998,belgium,122,6,final,4,0,7,4,10,0,0,7,0,2,7,0,7,8,7,3,5,4,1,6,0,6,0,0,6,0,7,0,3,0,12,6,0,0
1998,finland,22,15,final,0,0,0,0,0,0,0,0,0,10,1,0,0,0,0,0,0,0,0,0,0,0,0,0,10,0,0,0,0,0,0,1,0,0
1998,norway,79,8,final,1,0,0,3,3,0,0,4,4,12,0,2,8,3,4,5,4,0,0,3,0,10,0,0,4,0,0,0,5,0,4,0,0,0
1998,estonia,36,12,final,0,0,0,0,2,0,0,0,0,4,0,12,2,0,1,0,0,0,0,0,0,2,0,0,0,0,8,0,4,0,1,0,0,0
1998,turkey,25,14,final,0,0,0,12,1,0,0,0,0,0,0,0,0,0,0,0,0,0,0,0,0,0,0,5,0,2,0,0,0,0,0,5,0,0
1998,macedonia,16,19,final,0,0,0,0,0,0,0,0,0,0,0,0,0,0,0,0,0,0,0,0,0,4,0,6,0,3,3,0,0,0,0,0,0,0
1999,lithuania,13,20,final,0,0,0,0,0,0,0,0,0,0,0,0,0,0,0,1,3,0,0,5,0,0,0,2,2,0,0,0,0,0,0,0,0,0
1999,belgium,38,12,final,0,0,2,0,10,0,0,0,0,0,0,0,0,0,10,0,5,0,0,0,0,0,0,4,5,0,0,0,0,0,2,0,0,0
1999,spain,1,23,final,0,0,0,0,0,0,0,0,0,0,0,0,0,0,0,0,0,0,0,0,0,0,0,1,0,0,0,0,0,0,0,0,0,0
1999,croatia,118,4,final,0,0,7,10,1,8,0,0,5,1,0,0,12,6,6,5,7,0,8,2,4,12,8,0,3,0,0,6,0,0,7,0,0,0
1999,united_kingdom,38,12,final,0,1,0,0,0,0,0,0,0,0,0,0,4,0,0,8,4,0,4,4,0,2,1,5,0,0,0,5,0,0,0,0,0,0
1999,slovenia,50,11,final,0,0,1,0,6,0,0,0,2,0,0,0,2,0,12,0,0,0,0,0,0,0,5,12,0,0,0,10,0,0,0,0,0,0
1999,turkey,21,16,final,0,0,5,12,0,0,0,0,0,0,4,0,0,0,0,0,0,0,0,0,0,0,0,0,0,0,0,0,0,0,0,0,0,0
1999,norway,35,14,final,0,6,0,0,0,0,0,0,0,5,0,0,0,0,3,0,0,0,0,7,7,0,0,7,0,0,0,0,0,0,0,0,0,0
1999,denmark,71,8,final,0,0,0,0,0,5,0,5,0,8,0,0,5,3,7,4,2,0,0,8,12,5,0,0,6,0,0,0,0,0,1,0,0,0
1999,france,14,19,final,0,0,0,0,0,0,0,0,0,0,8,0,0,0,2,0,0,0,2,0,0,0,0,0,0,0,0,2,0,0,0,0,0,0
1999,netherlands,71,8,final,0,7,0,0,0,4,0,8,12,4,0,0,3,2,1,2,6,0,5,0,6,3,4,0,0,0,0,4,0,0,0,0,0,0
1999,poland,17,18,final,0,0,0,4,0,0,0,0,0,0,0,0,0,0,0,0,0,0,0,0,0,0,6,0,0,0,0,7,0,0,0,0,0,0
1999,iceland,146,2,final,0,12,0,3,7,2,0,10,8,12,10,0,10,4,4,10,10,0,10,12,0,0,0,0,10,0,0,8,0,0,4,0,0,0
1999,cyprus,2,22,final,0,0,0,0,0,0,0,2,0,0,0,0,0,0,0,0,0,0,0,0,0,0,0,0,0,0,0,0,0,0,0,0,0,0
1999,sweden,163,1,final,0,10,3,2,8,6,0,12,7,0,12,0,6,10,5,12,8,0,6,6,10,7,12,0,12,0,0,3,0,0,6,0,0,0
1999,portugal,12,21,final,0,0,12,0,0,0,0,0,0,0,0,0,0,0,0,0,0,0,0,0,0,0,0,0,0,0,0,0,0,0,0,0,0,0
1999,ireland,18,17,final,0,0,0,0,0,0,0,4,0,0,1,0,0,0,0,0,0,0,1,0,0,0,0,0,0,0,0,12,0,0,0,0,0,0
1999,austria,65,10,final,0,3,0,5,2,0,0,7,6,7,6,0,0,5,0,0,0,0,0,1,8,4,0,0,8,0,0,0,0,0,3,0,0,0
1999,israel,93,5,final,0,2,10,7,4,1,0,0,3,3,2,0,8,8,0,6,0,0,3,10,1,1,2,8,4,0,0,0,0,0,10,0,0,0
1999,malta,32,15,final,0,0,0,1,0,7,0,6,0,0,0,0,0,1,0,0,0,0,0,3,0,0,7,6,1,0,0,0,0,0,0,0,0,0
1999,germany,140,3,final,0,5,8,0,12,10,0,1,10,2,3,0,7,12,0,3,12,0,12,0,5,6,10,3,7,0,0,0,0,0,12,0,0,0
1999,bosnia_and_herzegovina,86,7,final,0,8,6,8,3,12,0,0,1,6,7,0,0,0,0,0,0,0,7,0,3,10,0,10,0,0,0,0,0,0,5,0,0,0
1999,estonia,90,6,final,0,4,4,6,5,3,0,3,4,10,5,0,1,7,8,7,1,0,0,0,2,8,3,0,0,0,0,1,0,0,8,0,0,0
2000,israel,7,22,final,0,0,6,0,0,0,0,0,0,0,0,0,0,0,0,0,0,0,0,0,0,0,0,0,0,0,0,0,0,0,0,1,0,0
2000,netherlands,40,13,final,0,0,2,1,0,0,0,0,8,0,0,0,4,0,1,5,8,0,3,5,1,0,0,2,0,0,0,0,0,0,0,0,0,0
2000,united_kingdom,28,16,final,0,0,0,0,0,0,0,0,0,0,0,0,0,0,0,6,1,0,6,3,0,0,0,4,2,3,0,0,0,0,0,0,3,0
2000,estonia,98,4,final,0,4,0,5,7,3,0,4,2,6,4,8,0,0,7,7,6,0,2,6,5,0,0,6,0,6,0,0,0,0,0,0,10,0
2000,france,5,23,final,0,0,0,0,2,0,0,0,0,0,0,0,0,0,0,0,0,0,0,0,0,0,0,0,0,0,0,0,0,3,0,0,0,0
2000,romania,25,17,final,0,0,0,0,0,0,0,0,0,0,0,0,0,0,0,0,0,0,0,0,0,0,0,7,0,0,0,0,0,6,0,12,0,0
2000,malta,73,8,final,0,3,0,3,1,2,0,2,1,3,2,0,1,0,3,0,3,0,5,8,0,0,0,8,1,7,0,0,0,8,0,8,4,0
2000,norway,57,11,final,0,7,0,0,0,0,0,3,0,7,0,0,0,0,4,3,7,0,10,0,7,0,0,0,3,0,0,0,0,0,0,0,6,0
2000,russia,155,2,final,2,6,5,4,0,7,0,8,7,5,8,5,5,0,10,12,10,0,0,12,8,0,0,12,10,12,0,0,0,0,0,7,0,0
2000,belgium,2,24,final,0,0,0,0,0,0,0,0,0,0,0,0,0,0,0,0,0,0,0,0,0,0,0,0,0,0,0,0,0,0,0,2,0,0
2000,cyprus,8,21,final,0,0,0,0,0,0,0,0,0,0,0,0,0,0,0,1,0,0,0,0,0,0,0,3,0,0,0,0,0,0,0,4,0,0
2000,iceland,45,12,final,0,12,0,0,0,0,0,0,0,8,7,0,0,0,0,0,5,0,0,0,0,0,0,0,6,0,0,0,0,0,0,0,7,0
2000,spain,18,18,final,1,0,0,0,0,0,0,0,0,0,0,0,0,0,0,0,0,0,0,10,0,0,0,0,0,5,0,0,0,2,0,0,0,0
2000,denmark,195,1,final,10,0,7,12,10,10,0,12,10,12,10,10,10,0,12,8,12,0,1,4,12,0,0,0,8,1,0,0,0,12,0,0,12,0
2000,germany,96,5,final,12,2,10,0,8,12,0,5,6,0,3,2,12,0,5,0,0,0,0,0,6,0,0,1,0,0,0,0,0,4,0,0,8,0
2000,switzerland,14,20,final,0,0,0,0,6,1,0,0,0,0,0,0,0,0,0,0,0,0,0,0,0,0,0,0,0,0,0,0,0,5,0,0,2,0
2000,croatia,70,9,final,6,0,8,6,0,6,0,0,0,0,0,6,2,0,0,0,0,0,8,0,0,0,0,0,0,8,0,0,0,10,0,10,0,0
2000,sweden,88,7,final,3,10,1,8,0,0,0,6,5,0,5,7,6,0,6,4,0,0,12,0,4,0,0,0,5,0,0,0,0,0,0,6,0,0
2000,macedonia,29,15,final,0,0,0,0,0,0,0,0,0,0,0,0,0,0,0,0,0,0,0,2,0,0,0,10,0,10,0,0,0,7,0,0,0,0
2000,finland,18,18,final,0,0,0,0,5,0,0,0,0,2,0,0,0,0,0,0,0,0,0,0,0,0,0,0,7,4,0,0,0,0,0,0,0,0
2000,latvia,136,3,final,7,8,3,7,4,8,0,7,12,10,12,12,7,0,8,0,4,0,0,1,10,0,0,0,12,0,0,0,0,1,0,3,0,0
2000,turkey,59,10,final,5,1,12,10,12,5,0,0,3,1,1,4,0,0,0,0,0,0,0,0,0,0,0,0,0,0,0,0,0,0,0,5,0,0
2000,ireland,92,6,final,8,5,4,0,3,4,0,10,4,4,6,1,3,0,0,10,2,0,7,7,2,0,0,5,4,2,0,0,0,0,0,0,1,0
2000,austria,34,14,final,4,0,0,2,0,0,0,1,0,0,0,3,8,0,2,2,0,0,4,0,3,0,0,0,0,0,0,0,0,0,0,0,5,0
2001,netherlands,16,18,final,0,0,0,0,0,0,0,0,0,0,0,0,0,6,0,0,5,0,0,0,0,4,0,0,0,0,0,0,0,1,0,0,0,0
2001,iceland,3,22,final,0,2,0,0,0,0,0,0,0,0,1,0,0,0,0,0,0,0,0,0,0,0,0,0,0,0,0,0,0,0,0,0,0,0
2001,bosnia_and_herzegovina,29,14,final,0,7,0,0,0,0,0,0,0,4,0,0,0,0,0,1,0,0,0,0,0,7,0,10,0,0,0,0,0,0,0,0,0,0
2001,norway,3,22,final,0,0,0,0,0,0,0,0,0,0,0,0,0,3,0,0,0,0,0,0,0,0,0,0,0,0,0,0,0,0,0,0,0,0
2001,israel,25,16,final,0,0,10,0,0,0,0,0,0,0,0,0,0,0,0,0,0,2,7,0,0,0,6,0,0,0,0,0,0,0,0,0,0,0
2001,russia,37,12,final,0,0,0,0,0,0,0,0,0,0,0,0,0,0,0,2,3,5,0,0,5,0,0,0,4,0,0,10,0,0,0,0,8,0
2001,sweden,100,5,final,0,10,2,0,0,0,0,8,0,0,2,0,5,5,8,8,8,0,8,0,7,0,3,4,7,0,0,2,0,2,5,0,6,0
2001,lithuania,35,13,final,0,0,0,0,5,0,0,4,0,1,0,0,0,0,1,0,4,0,0,0,1,2,2,0,0,0,0,0,0,10,0,0,5,0
2001,latvia,16,18,final,0,0,0,0,0,0,0,0,0,0,0,0,0,0,0,0,0,0,0,0,0,0,0,0,8,0,0,8,0,0,0,0,0,0
2001,croatia,42,10,final,0,0,0,3,0,0,0,0,0,0,0,0,0,0,0,10,0,7,10,0,0,5,7,0,0,0,0,0,0,0,0,0,0,0
2001,portugal,18,17,final,0,0,12,0,0,0,0,0,0,0,0,0,6,0,0,0,0,0,0,0,0,0,0,0,0,0,0,0,0,0,0,0,0,0
2001,ireland,6,21,final,0,0,0,0,0,0,0,5,0,0,0,0,0,1,0,0,0,0,0,0,0,0,0,0,0,0,0,0,0,0,0,0,0,0
2001,spain,76,6,final,0,0,5,0,7,0,0,3,0,5,4,0,0,7,3,0,12,8,6,0,2,1,5,0,3,0,0,0,0,0,1,0,4,0
2001,france,142,4,final,0,6,0,6,8,0,0,6,0,6,7,0,3,12,7,0,2,4,1,0,4,6,12,6,10,0,0,7,0,12,10,0,7,0
2001,turkey,41,11,final,0,3,7,7,3,0,0,0,0,0,0,0,0,0,0,4,0,10,0,0,0,0,0,7,0,0,0,0,0,0,0,0,0,0
2001,united_kingdom,28,15,final,0,0,0,2,2,0,0,0,0,0,0,0,1,2,4,3,0,0,0,0,0,0,0,3,0,0,0,3,0,3,2,0,3,0
2001,slovenia,70,7,final,0,0,1,4,4,0,0,0,0,7,6,0,2,0,2,0,1,0,0,0,6,0,10,8,5,0,0,4,0,4,6,0,0,0
2001,poland,11,20,final,0,1,0,5,0,0,0,0,0,2,0,0,0,0,0,0,0,0,0,0,0,3,0,0,0,0,0,0,0,0,0,0,0,0
2001,germany,66,8,final,0,4,6,0,1,0,0,2,0,0,3,0,10,10,6,5,0,1,3,0,0,0,0,1,1,0,0,0,0,8,4,0,1,0
2001,estonia,198,1,final,0,8,8,10,12,0,0,12,0,8,10,0,8,0,10,12,6,12,12,0,10,12,4,2,0,0,0,12,0,6,12,0,12,0
2001,malta,48,9,final,0,12,0,1,0,0,0,1,0,3,5,0,4,0,0,0,0,3,2,0,3,0,1,0,2,0,0,1,0,7,3,0,0,0
2001,greece,147,3,final,0,5,3,8,6,0,0,7,0,12,8,0,12,4,5,7,10,0,5,0,8,8,8,5,6,0,0,5,0,5,8,0,2,0
2001,denmark,177,2,final,0,0,4,12,10,0,0,10,0,10,12,0,7,8,12,6,7,6,4,0,12,10,0,12,12,0,0,6,0,0,7,0,10,0
2002,cyprus,85,6,final,0,0,0,0,0,0,0,3,3,1,0,4,6,0,0,12,0,12,0,0,0,4,0,10,4,8,0,4,0,6,0,0,8,0
2002,united_kingdom,111,3,final,6,6,1,8,0,12,0,0,6,2,0,8,0,0,0,10,5,7,2,0,0,8,7,0,6,0,0,8,0,0,0,4,5,0
2002,austria,26,18,final,7,0,0,0,0,0,0,0,5,0,0,0,0,0,0,0,0,0,12,1,0,0,0,0,0,0,0,0,0,1,0,0,0,0
2002,greece,27,17,final,0,0,0,0,0,0,0,0,0,0,0,0,0,0,0,0,0,0,0,12,0,0,0,1,0,6,0,0,0,8,0,0,0,0
2002,spain,81,7,final,12,0,12,7,0,0,0,2,12,7,0,0,0,0,0,0,6,4,0,7,0,0,6,6,0,0,0,0,0,0,0,0,0,0
2002,croatia,44,11,final,5,0,0,3,0,6,0,0,0,0,0,0,0,0,0,0,0,5,0,6,0,12,2,0,0,0,0,0,0,0,0,5,0,0
2002,russia,55,10,final,0,0,0,0,0,0,0,0,0,0,0,3,0,0,0,8,1,2,0,5,0,0,0,0,10,10,0,6,0,0,0,0,10,0
2002,estonia,111,3,final,0,8,0,4,0,3,0,7,4,12,0,10,0,0,0,2,2,0,8,0,0,6,10,5,0,2,0,7,0,3,0,6,12,0
2002,macedonia,25,19,final,0,0,0,0,0,0,0,0,0,0,0,1,0,0,0,5,0,0,0,3,0,0,0,4,0,12,0,0,0,0,0,0,0,0
2002,israel,37,12,final,1,1,10,5,0,0,0,5,2,0,0,5,0,0,0,0,0,0,0,0,0,0,0,0,0,5,0,0,0,0,0,0,3,0
2002,switzerland,15,22,final,0,0,3,2,0,5,0,0,0,0,0,0,0,0,0,0,0,0,0,0,0,1,0,0,0,3,0,0,0,0,0,0,1,0
2002,sweden,72,8,final,0,10,0,0,0,4,0,1,1,0,0,7,0,0,0,0,3,1,4,0,0,7,12,0,8,0,0,10,0,0,0,0,4,0
2002,finland,24,20,final,0,3,0,0,0,0,0,0,0,10,0,0,0,0,0,0,0,0,0,2,0,0,3,0,5,0,0,0,0,0,0,1,0,0
2002,denmark,7,24,final,0,0,0,0,0,0,0,0,0,0,0,0,0,0,0,1,4,0,1,0,0,0,0,0,0,0,0,1,0,0,0,0,0,0
2002,bosnia_and_herzegovina,33,13,final,0,2,0,0,0,7,0,0,0,6,0,0,3,0,0,3,0,0,0,0,0,2,0,7,0,0,0,0,0,0,0,3,0,0
2002,belgium,33,13,final,0,4,2,0,0,0,0,4,0,3,0,0,1,0,0,0,0,0,10,0,0,0,0,0,0,0,0,2,0,7,0,0,0,0
2002,france,104,5,final,10,5,0,6,0,0,0,10,10,8,0,12,8,0,0,0,7,3,0,0,0,3,8,0,3,4,0,5,0,0,0,0,2,0
2002,germany,17,21,final,3,0,0,0,0,1,0,0,0,0,0,0,2,0,0,4,0,0,3,0,0,0,0,0,1,1,0,0,0,2,0,0,0,0
2002,turkey,29,16,final,0,0,7,0,0,0,0,0,0,0,0,0,4,0,0,0,0,0,0,0,0,0,0,3,0,7,0,0,0,0,0,8,0,0
2002,malta,164,2,final,4,12,6,10,0,8,0,12,7,4,0,2,10,0,0,0,10,6,5,10,0,10,4,12,7,0,0,3,0,5,0,10,7,0
2002,romania,71,9,final,0,0,4,1,0,0,0,0,0,0,0,0,5,0,0,6,8,8,7,8,0,0,0,0,0,0,0,0,0,12,0,12,0,0
2002,slovenia,33,13,final,2,0,5,0,0,2,0,6,0,0,0,0,7,0,0,0,0,0,0,0,0,0,1,8,0,0,0,0,0,0,0,2,0,0
2002,latvia,176,1,final,8,7,8,12,0,10,0,8,8,5,0,6,12,0,0,7,12,10,6,4,0,5,5,2,12,0,0,12,0,10,0,7,0,0
2002,lithuania,12,23,final,0,0,0,0,0,0,0,0,0,0,0,0,0,0,0,0,0,0,0,0,0,0,0,0,2,0,0,0,0,4,0,0,6,0
2003,iceland,81,8,final,0,0,1,1,6,0,0,0,3,7,12,0,0,0,7,12,0,0,8,5,0,4,0,6,1,0,0,0,0,0,1,0,3,4
2003,austria,101,6,final,0,0,0,2,8,0,0,8,2,6,8,0,8,10,0,0,0,2,6,4,10,7,5,5,6,0,0,0,0,0,0,0,4,0
2003,ireland,53,11,final,0,0,0,0,0,0,0,12,1,0,6,0,0,7,0,5,0,0,5,7,2,2,0,4,0,0,0,0,0,0,0,0,1,1
2003,turkey,167,1,final,0,0,10,10,12,12,0,7,12,8,10,0,3,8,0,4,7,7,0,8,3,10,12,10,0,10,0,0,0,0,2,0,0,2
2003,malta,4,25,final,0,0,0,0,0,0,0,0,0,0,0,0,0,1,3,0,0,0,0,0,0,0,0,0,0,0,0,0,0,0,0,0,0,0
2003,bosnia_and_herzegovina,27,16,final,0,0,0,0,0,7,0,0,0,0,0,0,0,0,0,0,0,0,12,0,0,0,0,8,0,0,0,0,0,0,0,0,0,0
2003,portugal,13,22,final,0,0,6,0,0,0,0,0,0,0,0,0,2,0,2,0,0,0,0,0,0,0,0,0,0,0,0,0,0,0,0,0,0,3
2003,croatia,29,15,final,0,0,0,0,0,5,0,0,0,0,0,0,0,0,6,0,0,1,3,0,0,8,6,0,0,0,0,0,0,0,0,0,0,0
2003,cyprus,15,20,final,0,0,0,0,0,0,0,0,0,0,0,0,0,0,0,2,1,12,0,0,0,0,0,0,0,0,0,0,0,0,0,0,0,0
2003,germany,53,11,final,0,0,0,0,2,1,0,4,0,10,0,0,4,0,4,3,0,0,0,0,8,0,0,0,2,1,0,0,0,7,5,0,2,0
2003,russia,164,3,final,0,0,7,8,1,8,0,0,7,2,2,0,6,4,0,1,10,10,10,10,4,12,3,12,12,7,0,0,0,0,4,0,12,12
2003,spain,81,8,final,0,0,0,0,5,0,0,0,10,4,0,0,0,12,0,0,12,5,2,6,6,1,0,7,0,5,0,0,0,6,0,0,0,0
2003,israel,17,19,final,0,0,8,0,0,0,0,0,0,0,0,0,1,0,0,0,0,3,0,0,0,0,0,0,0,0,0,0,0,5,0,0,0,0
2003,netherlands,45,13,final,0,0,0,0,0,0,0,1,8,5,5,0,0,0,5,7,2,0,0,0,0,0,2,0,0,0,0,0,0,10,0,0,0,0
2003,united_kingdom,0,26,final,0,0,0,0,0,0,0,0,0,0,0,0,0,0,0,0,0,0,0,0,0,0,0,0,0,0,0,0,0,0,0,0,0,0
2003,ukraine,30,14,final,0,0,0,0,0,0,0,0,0,0,0,0,0,0,0,0,4,0,0,0,0,0,0,0,3,0,0,0,0,8,10,0,5,0
2003,greece,25,17,final,0,0,0,5,0,0,0,0,0,0,0,0,0,0,1,0,0,0,4,12,0,0,0,0,0,2,0,0,0,1,0,0,0,0
2003,norway,123,4,final,0,0,3,7,7,2,0,6,6,12,0,0,0,5,12,6,3,0,0,0,12,5,0,0,10,3,0,0,0,4,6,0,7,7
2003,france,19,18,final,0,0,0,0,0,0,0,0,0,0,0,0,0,2,0,0,0,0,0,0,0,0,8,0,0,6,0,0,0,0,3,0,0,0
2003,poland,90,7,final,0,0,5,12,4,10,0,2,5,3,4,0,5,0,0,10,0,6,0,0,0,0,0,0,4,4,0,0,0,0,0,0,8,8
2003,latvia,5,24,final,0,0,0,0,0,0,0,0,0,0,0,0,0,0,0,0,0,0,0,0,0,0,0,0,5,0,0,0,0,0,0,0,0,0
2003,belgium,165,2,final,0,0,12,6,10,4,0,5,0,0,3,0,12,6,10,0,8,8,7,3,7,3,10,0,8,8,0,0,0,3,12,0,10,10
2003,estonia,14,21,final,0,0,0,0,0,0,0,3,0,0,0,0,0,0,8,0,0,0,0,0,1,0,0,0,0,0,0,0,0,2,0,0,0,0
2003,romania,73,10,final,0,0,4,4,0,6,0,0,0,1,1,0,10,0,0,0,6,4,1,2,0,0,7,1,0,0,0,0,0,12,8,0,0,6
2003,sweden,107,5,final,0,0,2,3,3,3,0,10,4,0,7,0,7,3,0,8,5,0,0,1,5,6,1,2,7,12,0,0,0,0,7,0,6,5
2003,slovenia,7,23,final,0,0,0,0,0,0,0,0,0,0,0,0,0,0,0,0,0,0,0,0,0,0,4,3,0,0,0,0,0,0,0,0,0,0
