year,country,rank,average,point_year,points
1997,Austria,19,46.5,2019,32
1997,Austria,19,46.5,2020,19
1997,Austria,19,46.5,2021,67
1997,Austria,19,46.5,2022,68
1997,Belgium,30,11,2019,3
1997,Belgium,30,11,2020,R
1997,Belgium,30,11,2021,8
1997,Belgium,30,11,2022,22
1997,Bosnia and Herzegovina,26,23.25,2019,27
1997,Bosnia and Herzegovina,26,23.25,2020,39
1997,Bosnia and Herzegovina,26,23.25,2021,14
1997,Bosnia and Herzegovina,26,23.25,2022,13
1997,Croatia,9,61.75,2019,31
1997,Croatia,9,61.75,2020,27
1997,Croatia,9,61.75,2021,91
1997,Croatia,9,61.75,2022,98
1997,Cyprus,13,54.75,2019,17
1997,Cyprus,13,54.75,2020,51
1997,Cyprus,13,54.75,2021,79
1997,Cyprus,13,54.75,2022,72
1997,Denmark,16,50.5,2019,9
1997,Denmark,16,50.5,2020,R
1997,Denmark,16,50.5,2021,92
1997,Denmark,16,50.5,2022,DNQ
1997,Estonia,18,48,2019,DNQ
1997,Estonia,18,48,2020,2
1997,Estonia,18,48,2021,R
1997,Estonia,18,48,2022,94
1997,Finland,29,13.33,2019,20
1997,Finland,29,13.33,2020,11
1997,Finland,29,13.33,2021,R
1997,Finland,29,13.33,2022,9
1997,France,6,76.75,2019,121
1997,France,6,76.75,2020,74
1997,France,6,76.75,2021,94
1997,France,6,76.75,2022,18
1997,Germany,17,49,2019,18
1997,Germany,17,49,2020,128
1997,Germany,17,49,2021,1
1997,Germany,17,49,2022,DNQ
1997,Greece,14,53,2019,64
1997,Greece,14,53,2020,44
1997,Greece,14,53,2021,68
1997,Greece,14,53,2022,36
1997,Hungary,8,62.5,2019,DNQ
1997,Hungary,8,62.5,2020,122
1997,Hungary,8,62.5,2021,3
1997,Hungary,8,62.5,2022,DNQ
1997,Iceland,22,43.25,2019,42
1997,Iceland,22,43.25,2020,49
1997,Iceland,22,43.25,2021,31
1997,Iceland,22,43.25,2022,51
1997,Ireland,1,154.75,2019,187
1997,Ireland,1,154.75,2020,226
1997,Ireland,1,154.75,2021,44
1997,Ireland,1,154.75,2022,162
1997,Israel,23,42.5,2019,4
1997,Israel,23,42.5,2020,R
1997,Israel,23,42.5,2021,81
1997,Israel,23,42.5,2022,DNQ
1997,Italy,20,45,2019,45
1997,Lithuania,32,0,2020,0
1997,Lithuania,32,0,2021,R
1997,Luxembourg,31,11,2019,11
1997,Luxembourg,31,11,2020,R
1997,Macedonia,NA,NA,2022,DNQ
1997,Malta,5,77.5,2019,69
1997,Malta,5,77.5,2020,97
1997,Malta,5,77.5,2021,76
1997,Malta,5,77.5,2022,68
1997,Netherlands,11,58,2019,92
1997,Netherlands,11,58,2020,4
1997,Netherlands,11,58,2021,R
1997,Netherlands,11,58,2022,78
1997,Norway,2,114.5,2019,120
1997,Norway,2,114.5,2020,76
1997,Norway,2,114.5,2021,148
1997,Norway,2,114.5,2022,114
1997,Poland,7,70.67,2020,166
1997,Poland,7,70.67,2021,15
1997,Poland,7,70.67,2022,31
1997,Portugal,12,57.5,2019,60
1997,Portugal,12,57.5,2020,73
1997,Portugal,12,57.5,2021,5
1997,Portugal,12,57.5,2022,92
1997,Romania,28,14,2019,DNQ
1997,Romania,28,14,2020,14
1997,Romania,28,14,2021,R
1997,Romania,28,14,2022,DNQ
1997,Russia,21,43.5,2020,70
1997,Russia,21,43.5,2021,17
1997,Russia,21,43.5,2022,DNQ
1997,Slovakia,27,17,2019,DNQ
1997,Slovakia,27,17,2020,15
1997,Slovakia,27,17,2021,R
1997,Slovakia,27,17,2022,19
1997,Slovenia,24,36.33,2019,9
1997,Slovenia,24,36.33,2020,R
1997,Slovenia,24,36.33,2021,84
1997,Slovenia,24,36.33,2022,16
1997,Spain,15,52.75,2019,58
1997,Spain,15,52.75,2020,17
1997,Spain,15,52.75,2021,119
1997,Spain,15,52.75,2022,17
1997,Sweden,4,84.25,2019,89
1997,Sweden,4,84.25,2020,48
1997,Sweden,4,84.25,2021,100
1997,Sweden,4,84.25,2022,100
1997,Switzerland,10,61.67,2019,148
1997,Switzerland,10,61.67,2020,15
1997,Switzerland,10,61.67,2021,R
1997,Switzerland,10,61.67,2022,22
1997,Turkey,25,29.33,2019,10
1997,Turkey,25,29.33,2020,R
1997,Turkey,25,29.33,2021,21
1997,Turkey,25,29.33,2022,57
1997,United Kingdom,3,95,2019,164
1997,United Kingdom,3,95,2020,63
1997,United Kingdom,3,95,2021,76
1997,United Kingdom,3,95,2022,77
1998,Austria,24,39.6,2023,32
1998,Austria,24,39.6,2024,19
1998,Austria,24,39.6,2025,67
1998,Austria,24,39.6,2026,68
1998,Austria,24,39.6,2027,12
1998,Belgium,30,11,2023,3
1998,Belgium,30,11,2024,R
1998,Belgium,30,11,2025,8
1998,Belgium,30,11,2026,22
1998,Belgium,30,11,2027,R
1998,Bosnia and Herzegovina,26,23,2023,27
1998,Bosnia and Herzegovina,26,23,2024,39
1998,Bosnia and Herzegovina,26,23,2025,14
1998,Bosnia and Herzegovina,26,23,2026,13
1998,Bosnia and Herzegovina,26,23,2027,22
1998,Croatia,13,54.2,2023,31
1998,Croatia,13,54.2,2024,27
1998,Croatia,13,54.2,2025,91
1998,Croatia,13,54.2,2026,98
1998,Croatia,13,54.2,2027,24
1998,Cyprus,9,63.4,2023,17
1998,Cyprus,9,63.4,2024,51
1998,Cyprus,9,63.4,2025,79
1998,Cyprus,9,63.4,2026,72
1998,Cyprus,9,63.4,2027,98
1998,Denmark,22,42,2023,9
1998,Denmark,22,42,2024,R
1998,Denmark,22,42,2025,92
1998,Denmark,22,42,2026,DNQ
1998,Denmark,22,42,2027,25
1998,Estonia,11,59.33,2023,DNQ
1998,Estonia,11,59.33,2024,2
1998,Estonia,11,59.33,2025,R
1998,Estonia,11,59.33,2026,94
1998,Estonia,11,59.33,2027,82
1998,Finland,29,13.33,2023,20
1998,Finland,29,13.33,2024,11
1998,Finland,29,13.33,2025,R
1998,Finland,29,13.33,2026,9
1998,Finland,29,13.33,2027,R
1998,France,4,80.4,2023,121
1998,France,4,80.4,2024,74
1998,France,4,80.4,2025,94
1998,France,4,80.4,2026,18
1998,France,4,80.4,2027,95
1998,Germany,21,42.25,2023,18
1998,Germany,21,42.25,2024,128
1998,Germany,21,42.25,2025,1
1998,Germany,21,42.25,2026,DNQ
1998,Germany,21,42.25,2027,22
1998,Greece,15,50.2,2023,64
1998,Greece,15,50.2,2024,44
1998,Greece,15,50.2,2025,68
1998,Greece,15,50.2,2026,36
1998,Greece,15,50.2,2027,39
1998,Hungary,12,54.67,2023,DNQ
1998,Hungary,12,54.67,2024,122
1998,Hungary,12,54.67,2025,3
1998,Hungary,12,54.67,2026,DNQ
1998,Hungary,12,54.67,2027,39
1998,Iceland,25,38.2,2023,42
1998,Iceland,25,38.2,2024,49
1998,Iceland,25,38.2,2025,31
1998,Iceland,25,38.2,2026,51
1998,Iceland,25,38.2,2027,18
1998,Ireland,1,155.2,2023,187
1998,Ireland,1,155.2,2024,226
1998,Ireland,1,155.2,2025,44
1998,Ireland,1,155.2,2026,162
1998,Ireland,1,155.2,2027,157
1998,Israel,19,42.5,2023,4
1998,Israel,19,42.5,2024,R
1998,Israel,19,42.5,2025,81
1998,Israel,19,42.5,2026,DNQ
1998,Italy,5,79.5,2023,45
1998,Italy,5,79.5,2027,114
1998,Macedonia,NA,NA,2026,DNQ
1998,Macedonia,NA,NA,2027,R
1998,Malta,6,75.2,2023,69
1998,Malta,6,75.2,2024,97
1998,Malta,6,75.2,2025,76
1998,Malta,6,75.2,2026,68
1998,Malta,6,75.2,2027,66
1998,Netherlands,18,44.75,2023,92
1998,Netherlands,18,44.75,2024,4
1998,Netherlands,18,44.75,2025,R
1998,Netherlands,18,44.75,2026,78
1998,Netherlands,18,44.75,2027,5
1998,Norway,3,91.6,2023,120
1998,Norway,3,91.6,2024,76
1998,Norway,3,91.6,2025,148
1998,Norway,3,91.6,2026,114
1998,Norway,3,91.6,2027,0
1998,Poland,8,66.5,2024,166
1998,Poland,8,66.5,2025,15
1998,Poland,8,66.5,2026,31
1998,Poland,8,66.5,2027,54
1998,Portugal,17,46,2023,60
1998,Portugal,17,46,2024,73
1998,Portugal,17,46,2025,5
1998,Portugal,17,46,2026,92
1998,Portugal,17,46,2027,0
1998,Romania,28,14,2023,DNQ
1998,Romania,28,14,2024,14
1998,Romania,28,14,2025,R
1998,Romania,28,14,2026,DNQ
1998,Romania,28,14,2027,R
1998,Russia,23,40,2024,70
1998,Russia,23,40,2025,17
1998,Russia,23,40,2026,DNQ
1998,Russia,23,40,2027,33
1998,Slovakia,27,17,2023,DNQ
1998,Slovakia,27,17,2024,15
1998,Slovakia,27,17,2025,R
1998,Slovakia,27,17,2026,19
1998,Slovakia,27,17,2027,R
1998,Slovenia,20,42.25,2023,9
1998,Slovenia,20,42.25,2024,R
1998,Slovenia,20,42.25,2025,84
1998,Slovenia,20,42.25,2026,16
1998,Slovenia,20,42.25,2027,60
1998,Spain,10,61.4,2023,58
1998,Spain,10,61.4,2024,17
1998,Spain,10,61.4,2025,119
1998,Spain,10,61.4,2026,17
1998,Spain,10,61.4,2027,96
1998,Sweden,7,74.6,2023,89
1998,Sweden,7,74.6,2024,48
1998,Sweden,7,74.6,2025,100
1998,Sweden,7,74.6,2026,100
1998,Sweden,7,74.6,2027,36
1998,Switzerland,16,47.5,2023,148
1998,Switzerland,16,47.5,2024,15
1998,Switzerland,16,47.5,2025,R
1998,Switzerland,16,47.5,2026,22
1998,Switzerland,16,47.5,2027,5
1998,Turkey,14,52.25,2023,10
1998,Turkey,14,52.25,2024,R
1998,Turkey,14,52.25,2025,21
1998,Turkey,14,52.25,2026,57
1998,Turkey,14,52.25,2027,121
1998,United Kingdom,2,121.4,2023,164
1998,United Kingdom,2,121.4,2024,63
1998,United Kingdom,2,121.4,2025,76
1998,United Kingdom,2,121.4,2026,77
1998,United Kingdom,2,121.4,2027,227
1999,Austria,20,41.5,2025,19
1999,Austria,20,41.5,2026,67
1999,Austria,20,41.5,2027,68
1999,Austria,20,41.5,2028,12
1999,Austria,20,41.5,2029,R
1999,Belgium,17,50.67,2025,R
1999,Belgium,17,50.67,2026,8
1999,Belgium,17,50.67,2027,22
1999,Belgium,17,50.67,2028,R
1999,Belgium,17,50.67,2029,122
1999,Bosnia and Herzegovina,24,22,2025,39
1999,Bosnia and Herzegovina,24,22,2026,14
1999,Bosnia and Herzegovina,24,22,2027,13
1999,Bosnia and Herzegovina,24,22,2028,22
1999,Bosnia and Herzegovina,24,22,2029,R
1999,Croatia,6,74.2,2025,27
1999,Croatia,6,74.2,2026,91
1999,Croatia,6,74.2,2027,98
1999,Croatia,6,74.2,2028,24
1999,Croatia,6,74.2,2029,131
1999,Cyprus,8,67.4,2025,51
1999,Cyprus,8,67.4,2026,79
1999,Cyprus,8,67.4,2027,72
1999,Cyprus,8,67.4,2028,98
1999,Cyprus,8,67.4,2029,37
1999,Denmark,11,58.5,2025,R
1999,Denmark,11,58.5,2026,92
1999,Denmark,11,58.5,2027,DNQ
1999,Denmark,11,58.5,2028,25
1999,Denmark,11,58.5,2029,R
1999,Estonia,16,53.5,2025,2
1999,Estonia,16,53.5,2026,R
1999,Estonia,16,53.5,2027,94
1999,Estonia,16,53.5,2028,82
1999,Estonia,16,53.5,2029,36
1999,Finland,26,14,2025,11
1999,Finland,26,14,2026,R
1999,Finland,26,14,2027,9
1999,Finland,26,14,2028,R
1999,Finland,26,14,2029,22
1999,France,13,56.8,2025,74
1999,France,13,56.8,2026,94
1999,France,13,56.8,2027,18
1999,France,13,56.8,2028,95
1999,France,13,56.8,2029,3
1999,Germany,10,59.25,2025,128
1999,Germany,10,59.25,2026,1
1999,Germany,10,59.25,2027,DNQ
1999,Germany,10,59.25,2028,22
1999,Germany,10,59.25,2029,86
1999,Greece,22,39.8,2025,44
1999,Greece,22,39.8,2026,68
1999,Greece,22,39.8,2027,36
1999,Greece,22,39.8,2028,39
1999,Greece,22,39.8,2029,12
1999,Hungary,19,42,2025,122
1999,Hungary,19,42,2026,3
1999,Hungary,19,42,2027,DNQ
1999,Hungary,19,42,2028,39
1999,Hungary,19,42,2029,4
1999,Iceland,23,37.25,2025,49
1999,Iceland,23,37.25,2026,31
1999,Iceland,23,37.25,2027,51
1999,Iceland,23,37.25,2028,18
1999,Iceland,23,37.25,2029,R
1999,Ireland,1,130.6,2025,226
1999,Ireland,1,130.6,2026,44
1999,Ireland,1,130.6,2027,162
1999,Ireland,1,130.6,2028,157
1999,Ireland,1,130.6,2029,64
1999,Israel,2,126.5,2025,R
1999,Israel,2,126.5,2026,81
1999,Israel,2,126.5,2027,DNQ
1999,Israel,2,126.5,2029,172
1999,Lithuania,30,0,2025,0
1999,Lithuania,30,0,2028,R
1999,Macedonia,25,16,2027,DNQ
1999,Macedonia,25,16,2028,R
1999,Macedonia,25,16,2029,16
1999,Malta,4,94.4,2025,97
1999,Malta,4,94.4,2026,76
1999,Malta,4,94.4,2027,68
1999,Malta,4,94.4,2028,66
1999,Malta,4,94.4,2029,165
1999,Netherlands,9,59.25,2025,4
1999,Netherlands,9,59.25,2026,R
1999,Netherlands,9,59.25,2027,78
1999,Netherlands,9,59.25,2028,5
1999,Netherlands,9,59.25,2029,150
1999,Norway,5,83.4,2025,76
1999,Norway,5,83.4,2026,148
1999,Norway,5,83.4,2027,114
1999,Norway,5,83.4,2028,0
1999,Norway,5,83.4,2029,79
1999,Poland,12,57,2025,166
1999,Poland,12,57,2026,15
1999,Poland,12,57,2027,31
1999,Poland,12,57,2028,54
1999,Poland,12,57,2029,19
1999,Portugal,21,41.2,2025,73
1999,Portugal,21,41.2,2026,5
1999,Portugal,21,41.2,2027,92
1999,Portugal,21,41.2,2028,0
1999,Portugal,21,41.2,2029,36
1999,Romania,29,10,2025,14
1999,Romania,29,10,2026,R
1999,Romania,29,10,2027,DNQ
1999,Romania,29,10,2028,R
1999,Romania,29,10,2029,6
1999,Slovakia,27,14,2025,15
1999,Slovakia,27,14,2026,R
1999,Slovakia,27,14,2027,19
1999,Slovakia,27,14,2028,R
1999,Slovakia,27,14,2029,8
1999,Slovenia,18,44.25,2025,R
1999,Slovenia,18,44.25,2026,84
1999,Slovenia,18,44.25,2027,16
1999,Slovenia,18,44.25,2028,60
1999,Slovenia,18,44.25,2029,17
1999,Spain,15,54,2025,17
1999,Spain,15,54,2026,119
1999,Spain,15,54,2027,17
1999,Spain,15,54,2028,96
1999,Spain,15,54,2029,21
1999,Sweden,7,67.4,2025,48
1999,Sweden,7,67.4,2026,100
1999,Sweden,7,67.4,2027,100
1999,Sweden,7,67.4,2028,36
1999,Sweden,7,67.4,2029,53
1999,Switzerland,28,10.5,2025,15
1999,Switzerland,28,10.5,2026,R
1999,Switzerland,28,10.5,2027,22
1999,Switzerland,28,10.5,2028,5
1999,Switzerland,28,10.5,2029,0
1999,Turkey,14,56,2025,R
1999,Turkey,14,56,2026,21
1999,Turkey,14,56,2027,57
1999,Turkey,14,56,2028,121
1999,Turkey,14,56,2029,25
1999,United Kingdom,3,121.8,2025,63
1999,United Kingdom,3,121.8,2026,76
1999,United Kingdom,3,121.8,2027,77
1999,United Kingdom,3,121.8,2028,227
1999,United Kingdom,3,121.8,2029,166
2000,Austria,14,53,2023,67
2000,Austria,14,53,2024,68
2000,Austria,14,53,2025,12
2000,Austria,14,53,2026,R
2000,Austria,14,53,2027,65
2000,Belgium,17,47.5,2023,8
2000,Belgium,17,47.5,2024,22
2000,Belgium,17,47.5,2025,R
2000,Belgium,17,47.5,2026,122
2000,Belgium,17,47.5,2027,38
2000,Bosnia and Herzegovina,20,33.75,2023,14
2000,Bosnia and Herzegovina,20,33.75,2024,13
2000,Bosnia and Herzegovina,20,33.75,2025,22
2000,Bosnia and Herzegovina,20,33.75,2026,R
2000,Bosnia and Herzegovina,20,33.75,2027,86
2000,Croatia,5,84.6,2023,91
2000,Croatia,5,84.6,2024,98
2000,Croatia,5,84.6,2025,24
2000,Croatia,5,84.6,2026,131
2000,Croatia,5,84.6,2027,79
2000,Cyprus,13,57.6,2023,79
2000,Cyprus,13,57.6,2024,72
2000,Cyprus,13,57.6,2025,98
2000,Cyprus,13,57.6,2026,37
2000,Cyprus,13,57.6,2027,2
2000,Denmark,10,62.67,2023,92
2000,Denmark,10,62.67,2024,DNQ
2000,Denmark,10,62.67,2025,25
2000,Denmark,10,62.67,2026,R
2000,Denmark,10,62.67,2027,71
2000,Estonia,8,75.5,2023,R
2000,Estonia,8,75.5,2024,94
2000,Estonia,8,75.5,2025,82
2000,Estonia,8,75.5,2026,36
2000,Estonia,8,75.5,2027,90
2000,Finland,25,15.5,2023,R
2000,Finland,25,15.5,2024,9
2000,Finland,25,15.5,2025,R
2000,Finland,25,15.5,2026,22
2000,Finland,25,15.5,2027,R
2000,France,19,44.8,2023,94
2000,France,19,44.8,2024,18
2000,France,19,44.8,2025,95
2000,France,19,44.8,2026,3
2000,France,19,44.8,2027,14
2000,Germany,11,62.25,2023,1
2000,Germany,11,62.25,2024,DNQ
2000,Germany,11,62.25,2025,22
2000,Germany,11,62.25,2026,86
2000,Germany,11,62.25,2027,140
2000,Iceland,12,61.5,2023,31
2000,Iceland,12,61.5,2024,51
2000,Iceland,12,61.5,2025,18
2000,Iceland,12,61.5,2026,R
2000,Iceland,12,61.5,2027,146
2000,Ireland,4,89,2023,44
2000,Ireland,4,89,2024,162
2000,Ireland,4,89,2025,157
2000,Ireland,4,89,2026,64
2000,Ireland,4,89,2027,18
2000,Israel,2,115.33,2023,81
2000,Israel,2,115.33,2024,DNQ
2000,Israel,2,115.33,2026,172
2000,Israel,2,115.33,2027,93
2000,Lithuania,26,13,2023,R
2000,Lithuania,26,13,2025,R
2000,Lithuania,26,13,2027,13
2000,Macedonia,24,16,2024,DNQ
2000,Macedonia,24,16,2025,R
2000,Macedonia,24,16,2026,16
2000,Macedonia,24,16,2027,R
2000,Malta,6,81.4,2023,76
2000,Malta,6,81.4,2024,68
2000,Malta,6,81.4,2025,66
2000,Malta,6,81.4,2026,165
2000,Malta,6,81.4,2027,32
2000,Netherlands,7,76,2023,R
2000,Netherlands,7,76,2024,78
2000,Netherlands,7,76,2025,5
2000,Netherlands,7,76,2026,150
2000,Netherlands,7,76,2027,71
2000,Norway,9,75.2,2023,148
2000,Norway,9,75.2,2024,114
2000,Norway,9,75.2,2025,0
2000,Norway,9,75.2,2026,79
2000,Norway,9,75.2,2027,35
2000,Poland,22,27.2,2023,15
2000,Poland,22,27.2,2024,31
2000,Poland,22,27.2,2025,54
2000,Poland,22,27.2,2026,19
2000,Poland,22,27.2,2027,17
2000,Portugal,21,29,2023,5
2000,Portugal,21,29,2024,92
2000,Portugal,21,29,2025,0
2000,Portugal,21,29,2026,36
2000,Portugal,21,29,2027,12
2000,Romania,28,6,2023,R
2000,Romania,28,6,2024,DNQ
2000,Romania,28,6,2025,R
2000,Romania,28,6,2026,6
2000,Romania,28,6,2027,R
2000,Russia,23,25,2023,17
2000,Russia,23,25,2024,DNQ
2000,Russia,23,25,2025,33
2000,Russia,23,25,2026,R
2000,Slovenia,18,45.4,2023,84
2000,Slovenia,18,45.4,2024,16
2000,Slovenia,18,45.4,2025,60
2000,Slovenia,18,45.4,2026,17
2000,Slovenia,18,45.4,2027,50
2000,Spain,15,50.8,2023,119
2000,Spain,15,50.8,2024,17
2000,Spain,15,50.8,2025,96
2000,Spain,15,50.8,2026,21
2000,Spain,15,50.8,2027,1
2000,Sweden,3,90.4,2023,100
2000,Sweden,3,90.4,2024,100
2000,Sweden,3,90.4,2025,36
2000,Sweden,3,90.4,2026,53
2000,Sweden,3,90.4,2027,163
2000,Switzerland,27,9,2023,R
2000,Switzerland,27,9,2024,22
2000,Switzerland,27,9,2025,5
2000,Switzerland,27,9,2026,0
2000,Switzerland,27,9,2027,R
2000,Turkey,16,49,2023,21
2000,Turkey,16,49,2024,57
2000,Turkey,16,49,2025,121
2000,Turkey,16,49,2026,25
2000,Turkey,16,49,2027,21
2000,United Kingdom,1,116.8,2023,76
2000,United Kingdom,1,116.8,2024,77
2000,United Kingdom,1,116.8,2025,227
2000,United Kingdom,1,116.8,2026,166
2000,United Kingdom,1,116.8,2027,38
2001,Austria,17,44.75,2010,68
2001,Austria,17,44.75,2011,12
2001,Belgium,16,46,2010,22
2001,Belgium,16,46,2011,R
2001,Bosnia and Herzegovina,19,40.33,2010,13
2001,Bosnia and Herzegovina,19,40.33,2011,22
2001,Croatia,10,80.4,2010,98
2001,Croatia,10,80.4,2011,24
2001,Cyprus,18,43.4,2010,72
2001,Cyprus,18,43.4,2011,98
2001,Denmark,4,97,2010,DNQ
2001,Denmark,4,97,2011,25
2001,Estonia,11,80,2010,94
2001,Estonia,11,80,2011,82
2001,Finland,27,16.33,2010,9
2001,Finland,27,16.33,2011,R
2001,France,25,27,2010,18
2001,France,25,27,2011,95
2001,Germany,8,86,2010,DNQ
2001,Germany,8,86,2011,22
2001,Greece,24,29,2010,36
2001,Greece,24,29,2011,39
2001,Iceland,13,65,2010,51
2001,Iceland,13,65,2011,18
2001,Ireland,3,98.6,2010,162
2001,Ireland,3,98.6,2011,157
2001,Israel,6,90.67,2010,DNQ
2001,Lithuania,29,13,2011,R
2001,Macedonia,26,22.5,2010,DNQ
2001,Macedonia,26,22.5,2011,R
2001,Malta,9,80.8,2010,68
2001,Malta,9,80.8,2011,66
2001,Netherlands,12,68.8,2010,78
2001,Netherlands,12,68.8,2011,5
2001,Norway,14,57,2010,114
2001,Norway,14,57,2011,0
2001,Poland,23,30.25,2010,31
2001,Poland,23,30.25,2011,54
2001,Portugal,21,35,2010,92
2001,Portugal,21,35,2011,0
2001,Romania,28,15.5,2010,DNQ
2001,Romania,28,15.5,2011,R
2001,Russia,5,94,2010,DNQ
2001,Russia,5,94,2011,33
2001,Slovenia,20,35.75,2010,16
2001,Slovenia,20,35.75,2011,60
2001,Spain,22,30.6,2010,17
2001,Spain,22,30.6,2011,96
2001,Sweden,7,88,2010,100
2001,Sweden,7,88,2011,36
2001,Switzerland,30,10.25,2010,22
2001,Switzerland,30,10.25,2011,5
2001,Turkey,15,56.6,2010,57
2001,Turkey,15,56.6,2011,121
2001,United Kingdom,2,107.2,2010,77
2001,United Kingdom,2,107.2,2011,227
